7191,100,2026/2/24
5301,100,2026/2/24
4668,100,2026/2/24
7914,1,2026/2/24
7267,1,2026/2/24
1605,1,2026/2/25
5108,1,2026/2/25
7921,1,2026/2/25
2914,1,2026/2/26
9433,1,2026/2/27
8923,1,2026/3/2
6481,1,2026/3/2
4563,100,2026/3/2
7974,1,2026/3/3
9997,100,2026/3/3
8058,1,2026/3/5
8306,1,2026/3/5
7272,1,2026/3/5
9432,100,2026/2/13
8729,100,2026/2/16
9434,100,2026/2/16
1343,100,2026/2/16
3611,100,2026/2/18
5938,100,2026/2/18
544A,151,2026/4/1
8252,100,2026/2/18
9432,100,2026/2/18
4755,100,2026/2/20
9432,1,2026/2/26
9434,1,2026/2/27
7272,1,2026/3/3
1898,1,2026/3/5
1925,1,2026/3/5
4272,1,2026/3/5
5938,1,2026/3/5
7921,1,2026/3/5
8058,1,2026/3/5
9678,1,2026/3/5
9432,1,2026/3/6
9434,1,2026/3/6
8729,300,2026/3/9
8001,1,2026/3/10
8316,1,2026/3/10
9432,2,2026/3/10
8729,100,2026/4/27
7606,100,2026/5/18
7936,100,2025/1/10
1928,1,2026/5/7
9743,2,2026/5/7
6436,1,2026/5/7
2181,4,2026/5/7
4202,1,2026/5/7
3092,1,2026/5/12
1925,1,2026/5/18
9692,1,2026/5/18
9989,1,2026/5/18
5929,1,2026/5/18
4613,1,2026/5/18
6036,1,2026/5/25
7508,1,2026/5/28
9746,1,2026/5/28
2733,1,2026/5/28
2379,1,2026/6/1
6947,1,2026/6/1
7476,1,2026/6/1
7979,1,2026/6/1
7947,1,2026/6/1
4547,1,2026/6/2
5929,1,2026/6/2
9989,1,2026/6/2
8593,1,2026/6/3
1384,1,2026/6/3
8131,1,2026/6/5
8174,1,2026/6/5
4613,1,2026/6/8
7508,1,2026/6/8
1925,1,2026/6/8
8593,1,2026/6/8
7164,1,2026/6/8
8001,1,2026/6/11
8058,1,2026/6/11
4684,1,2026/6/15
3092,1,2026/6/15
5929,1,2026/6/15
9412,1,2026/6/16
7552,1,2026/6/16
1433,1,2026/6/22
4568,1,2026/6/22
3626,1,2026/6/22
2303,1,2026/6/22
6947,1,2026/6/22
7508,1,2026/6/22
2379,1,2026/6/22
5929,1,2026/6/22
8273,3,2026/6/29
9989,1,2026/6/29
4568,1,2026/6/29
4765,100,2026/7/3
2733,1,2026/7/7
4684,1,2026/7/7
3277,3,2026/7/7
7846,1,2026/7/7
3277,2,2026/7/14
3762,1,2026/7/14
1433,2,2026/7/14
5929,1,2026/7/14
1925,1,2026/7/14
2733,1,2026/7/21
8929,2,2026/7/21
3092,3,2026/7/21
3762,1,2026/7/21
2379,1,2026/7/21
1433,2,2026/7/21
2733,1,2026/7/28
3854,1,2026/7/28
3676,5,2026/7/28
4547,1,2026/7/28
1433,1,2026/7/28
7508,7,2026/7/29
2733,1,2026/8/4
3676,3,2026/8/4
7508,1,2026/8/4
3092,3,2026/8/4
9989,1,2026/8/12
7849,3,2026/8/12
4743,6,2026/8/18
7508,2,2026/8/18
2326,2,2026/8/18
2379,2,2026/8/18
